{
  "Old XGBoost": {
    "r2": 0.5265566110610962,
    "mae": 37.83562469482422,
    "within_30": 652,
    "within_30_pct": 53.00813008130081
  },
  "XGBoost v2": {
    "r2": 0.5075416564941406,
    "mae": 37.942691802978516,
    "within_30": 645,
    "within_30_pct": 52.4390243902439
  },
  "Random Forest v2": {
    "r2": 0.5821139870356871,
    "mae": 34.82604553986723,
    "within_30": 695,
    "within_30_pct": 56.50406504065041
  },
  "Linear Regression v2": {
    "r2": 0.4104783068600537,
    "mae": 43.04286074499238,
    "within_30": 554,
    "within_30_pct": 45.040650406504064
  }
}