{
  "test_results": {
    "XGBoost": {
      "r2": 0.5075416564941406,
      "mae": 37.942691802978516,
      "within_10": 264.0,
      "within_20": 491.0,
      "within_30": 645.0,
      "best_prediction": 0.00128173828125,
      "worst_prediction": 201.71243286132812,
      "median_error": 28.571685791015625
    },
    "RandomForest": {
      "r2": 0.5710273036124248,
      "mae": 35.412682440936976,
      "within_10": 276.0,
      "within_20": 498.0,
      "within_30": 683.0,
      "best_prediction": 0.020131734233189036,
      "worst_prediction": 179.43219119129162,
      "median_error": 26.17531479974059
    },
    "LinearRegression": {
      "r2": 0.4104783068600537,
      "mae": 43.04286074499238,
      "within_10": 196.0,
      "within_20": 394.0,
      "within_30": 554.0,
      "best_prediction": 0.02434807728232613,
      "worst_prediction": 273.3432250436779,
      "median_error": 33.98956174234408
    }
  },
  "real_match_metrics": {
    "XGBoost": {
      "r2": 0.04987519979476929,
      "mae": 47.732635498046875,
      "samples": 1477
    },
    "RandomForest": {
      "r2": -0.10420886568942578,
      "mae": 51.36160299738201,
      "samples": 1477
    },
    "LinearRegression": {
      "r2": -0.22476564140038668,
      "mae": 56.37314461105813,
      "samples": 1477
    }
  },
  "stage_results": {
    "XGBoost": {
      "Pre-match (ball 1)": {
        "r2": 0.1832897663116455,
        "mae": 53.1790885925293,
        "samples": 257.0
      },
      "Early (ball 60)": {
        "r2": 0.3970777988433838,
        "mae": 44.82712936401367,
        "samples": 257.0
      },
      "Mid (ball 120)": {
        "r2": 0.5963596105575562,
        "mae": 36.971900939941406,
        "samples": 256.0
      },
      "Late (ball 180)": {
        "r2": 0.666145920753479,
        "mae": 31.92674446105957,
        "samples": 244.0
      },
      "Death (ball 240)": {
        "r2": 0.8323912620544434,
        "mae": 19.569364547729492,
        "samples": 216.0
      }
    },
    "RandomForest": {
      "Pre-match (ball 1)": {
        "r2": 0.25985242203373227,
        "mae": 51.12782581889455,
        "samples": 257.0
      },
      "Early (ball 60)": {
        "r2": 0.4663514317416205,
        "mae": 42.01692687276215,
        "samples": 257.0
      },
      "Mid (ball 120)": {
        "r2": 0.6628765739586372,
        "mae": 34.31766642168492,
        "samples": 256.0
      },
      "Late (ball 180)": {
        "r2": 0.7207954269978798,
        "mae": 29.209747320538078,
        "samples": 244.0
      },
      "Death (ball 240)": {
        "r2": 0.8759643303204869,
        "mae": 17.161560233491127,
        "samples": 216.0
      }
    },
    "LinearRegression": {
      "Pre-match (ball 1)": {
        "r2": 0.09216681137570426,
        "mae": 57.47006732665365,
        "samples": 257.0
      },
      "Early (ball 60)": {
        "r2": 0.317164300961161,
        "mae": 49.27932844538432,
        "samples": 257.0
      },
      "Mid (ball 120)": {
        "r2": 0.4789901699833511,
        "mae": 43.074357060040825,
        "samples": 256.0
      },
      "Late (ball 180)": {
        "r2": 0.5841157305780762,
        "mae": 35.694297586910935,
        "samples": 244.0
      },
      "Death (ball 240)": {
        "r2": 0.7028185200774155,
        "mae": 26.72074066828768,
        "samples": 216.0
      }
    }
  },
  "best_worst": {
    "XGBoost": {
      "best": {
        "actual": 